Chicago Bulls,Atlanta Hawks,,,,,,,
Washington Wizards,Boston Celtics,,,,,,,
Charlotte Hornets,Brooklyn Nets,,,,,,,
Milwaukee Bucks,Los Angeles Lakers,,,,,,,
New Orleans Pelicans,Phoenix Suns,,,,,,,
Los Angeles Clippers,Sacramento Kings,,,,,,,
Portland Trail Blazers,Toronto Raptors,,,,,,,
Detroit Pistons,Cleveland Cavaliers,,,,,,,
Memphis Grizzlies,Dallas Mavericks,,,,,,,
New Orleans Pelicans,Denver Nuggets,,,,,,,
Orlando Magic,Indiana Pacers,,,,,,,
Brooklyn Nets,Miami Heat,,,,,,,
Golden State Warriors,Philadelphia 76ers,,,,,,,
Los Angeles Lakers,Phoenix Suns,,,,,,,
Oklahoma City Thunder,San Antonio Spurs,,,,,,,
Milwaukee Bucks,Utah Jazz,,,,,,,
Houston Rockets,Boston Celtics,,,,,,,
Atlanta Hawks,Chicago Bulls,,,,,,,
Portland Trail Blazers,Charlotte Hornets,,,,,,,
Orlando Magic,Cleveland Cavaliers,,,,,,,
Toronto Raptors,Detroit Pistons,,,,,,,
New York Knicks,Los Angeles Clippers,,,,,,,
Memphis Grizzlies,Oklahoma City Thunder,,,,,,,
Minnesota Timberwolves,Washington Wizards,,,,,,,
Dallas Mavericks,Brooklyn Nets,,,,,,,
Los Angeles Clippers,Los Angeles Lakers,,,,,,,
Atlanta Hawks,Miami Heat,,,,,,,
Milwaukee Bucks,Phoenix Suns,,,,,,,
New York Knicks,Sacramento Kings,,,,,,,
Denver Nuggets,San Antonio Spurs,,,,,,,
New Orleans Pelicans,Utah Jazz,,,,,,,
Boston Celtics,Golden State Warriors,,,,,,,
Chicago Bulls,Indiana Pacers,,,,,,,
Portland Trail Blazers,Memphis Grizzlies,,,,,,,
Oklahoma City Thunder,Minnesota Timberwolves,,,,,,,
Orlando Magic,Philadelphia 76ers,,,,,,,
Houston Rockets,Toronto Raptors,,,,,,,
San Antonio Spurs,Atlanta Hawks,,,,,,,
Cleveland Cavaliers,Brooklyn Nets,,,,,,,
Philadelphia 76ers,Chicago Bulls,,,,,,,
Miami Heat,Charlotte Hornets,,,,,,,
Minnesota Timberwolves,Detroit Pistons,,,,,,,
Denver Nuggets,Los Angeles Lakers,,,,,,,
Utah Jazz,New Orleans Pelicans,,,,,,,
New York Knicks,Phoenix Suns,,,,,,,
Boston Celtics,Sacramento Kings,,,,,,,
Dallas Mavericks,Washington Wizards,,,,,,,
Indiana Pacers,Milwaukee Bucks,,,,,,,
Oklahoma City Thunder,Portland Trail Blazers,,,,,,,
Detroit Pistons,Chicago Bulls,,,,,,,
Washington Wizards,Charlotte Hornets,,,,,,,
Denver Nuggets,Golden State Warriors,,,,,,,
Philadelphia 76ers,Houston Rockets,,,,,,,
Oklahoma City Thunder,Los Angeles Clippers,,,,,,,
Utah Jazz,Memphis Grizzlies,,,,,,,
Cleveland Cavaliers,Miami Heat,,,,,,,
Toronto Raptors,New Orleans Pelicans,,,,,,,
Dallas Mavericks,Orlando Magic,,,,,,,
Brooklyn Nets,Atlanta Hawks,,,,,,,
Boston Celtics,Los Angeles Lakers,,,,,,,
Charlotte Hornets,Milwaukee Bucks,,,,,,,
Washington Wizards,Minnesota Timberwolves,,,,,,,
Sacramento Kings,New York Knicks,,,,,,,
Phoenix Suns,Portland Trail Blazers,,,,,,,
New Orleans Pelicans,Atlanta Hawks,,,,,,,
Houston Rockets,Dallas Mavericks,,,,,,,
Chicago Bulls,Detroit Pistons,,,,,,,
Phoenix Suns,Golden State Warriors,,,,,,,
Orlando Magic,Memphis Grizzlies,,,,,,,
Toronto Raptors,Miami Heat,,,,,,,
New York Knicks,Minnesota Timberwolves,,,,,,,
Indiana Pacers,Philadelphia 76ers,,,,,,,
Milwaukee Bucks,San Antonio Spurs,,,,,,,
Detroit Pistons,Brooklyn Nets,,,,,,,
Toronto Raptors,Cleveland Cavaliers,,,,,,,
Charlotte Hornets,Houston Rockets,,,,,,,
Boston Celtics,Los Angeles Clippers,,,,,,,
Oklahoma City Thunder,Utah Jazz,,,,,,,
Sacramento Kings,Washington Wizards,,,,,,,
Los Angeles Lakers,Chicago Bulls,,,,,,,
San Antonio Spurs,Dallas Mavericks,,,,,,,
Minnesota Timberwolves,Denver Nuggets,,,,,,,
New York Knicks,Indiana Pacers,,,,,,,
Portland Trail Blazers,Los Angeles Clippers,,,,,,,
Milwaukee Bucks,New Orleans Pelicans,,,,,,,
Cleveland Cavaliers,Philadelphia 76ers,,,,,,,
Memphis Grizzlies,Atlanta Hawks,,,,,,,
Golden State Warriors,Houston Rockets,,,,,,,
Detroit Pistons,Miami Heat,,,,,,,
Brooklyn Nets,Oklahoma City Thunder,,,,,,,
Utah Jazz,Phoenix Suns,,,,,,,
Orlando Magic,Washington Wizards,,,,,,,
Sacramento Kings,Boston Celtics,,,,,,,
Dallas Mavericks,Denver Nuggets,,,,,,,
Oklahoma City Thunder,Indiana Pacers,,,,,,,
Cleveland Cavaliers,Orlando Magic,,,,,,,
Los Angeles Lakers,Toronto Raptors,,,,,,,
Minnesota Timberwolves,Utah Jazz,,,,,,,
Los Angeles Lakers,Detroit Pistons,,,,,,,
Phoenix Suns,Houston Rockets,,,,,,,
Chicago Bulls,Los Angeles Clippers,,,,,,,
Milwaukee Bucks,Miami Heat,,,,,,,
Portland Trail Blazers,New Orleans Pelicans,,,,,,,
Sacramento Kings,Philadelphia 76ers,,,,,,,
New York Knicks,San Antonio Spurs,,,,,,,
Charlotte Hornets,Washington Wizards,,,,,,,
Atlanta Hawks,Boston Celtics,,,,,,,
Cleveland Cavaliers,Dallas Mavericks,,,,,,,
Indiana Pacers,Denver Nuggets,,,,,,,
Phoenix Suns,New Orleans Pelicans,,,,,,,
Golden State Warriors,Oklahoma City Thunder,,,,,,,
Portland Trail Blazers,San Antonio Spurs,,,,,,,
Brooklyn Nets,Utah Jazz,,,,,,,
Memphis Grizzlies,Washington Wizards,,,,,,,
Toronto Raptors,Detroit Pistons,,,,,,,
Minnesota Timberwolves,Houston Rockets,,,,,,,
Brooklyn Nets,Los Angeles Clippers,,,,,,,
Charlotte Hornets,Miami Heat,,,,,,,
Philadelphia 76ers,Milwaukee Bucks,,,,,,,
Los Angeles Lakers,New York Knicks,,,,,,,
Atlanta Hawks,Orlando Magic,,,,,,,
Chicago Bulls,Sacramento Kings,,,,,,,
Denver Nuggets,Boston Celtics,,,,,,,
Detroit Pistons,Cleveland Cavaliers,,,,,,,
New Orleans Pelicans,Dallas Mavericks,,,,,,,
Miami Heat,Oklahoma City Thunder,,,,,,,
Chicago Bulls,Phoenix Suns,,,,,,,
Indiana Pacers,Portland Trail Blazers,,,,,,,
Golden State Warriors,San Antonio Spurs,,,,,,,
New York Knicks,Toronto Raptors,,,,,,,
Utah Jazz,Washington Wizards,,,,,,,
Houston Rockets,Atlanta Hawks,,,,,,,
Philadelphia 76ers,Charlotte Hornets,,,,,,,
Indiana Pacers,Los Angeles Clippers,,,,,,,
Los Angeles Lakers,Milwaukee Bucks,,,,,,,
Golden State Warriors,Minnesota Timberwolves,,,,,,,
Brooklyn Nets,Sacramento Kings,,,,,,,
Washington Wizards,Chicago Bulls,,,,,,,
Milwaukee Bucks,Cleveland Cavaliers,,,,,,,
Houston Rockets,Memphis Grizzlies,,,,,,,
Utah Jazz,New York Knicks,,,,,,,
Toronto Raptors,Oklahoma City Thunder,,,,,,,
New Orleans Pelicans,Orlando Magic,,,,,,,
Boston Celtics,Philadelphia 76ers,,,,,,,
Dallas Mavericks,Portland Trail Blazers,,,,,,,
Miami Heat,San Antonio Spurs,,,,,,,
Utah Jazz,Atlanta Hawks,,,,,,,
Minnesota Timberwolves,Charlotte Hornets,,,,,,,
Indiana Pacers,Golden State Warriors,,,,,,,
Detroit Pistons,Phoenix Suns,,,,,,,
Dallas Mavericks,Sacramento Kings,,,,,,,
Denver Nuggets,Washington Wizards,,,,,,,
Los Angeles Clippers,Cleveland Cavaliers,,,,,,,
San Antonio Spurs,Houston Rockets,,,,,,,
Brooklyn Nets,Los Angeles Lakers,,,,,,,
Miami Heat,Milwaukee Bucks,,,,,,,
Denver Nuggets,New York Knicks,,,,,,,
Memphis Grizzlies,Orlando Magic,,,,,,,
Oklahoma City Thunder,Toronto Raptors,,,,,,,
Philadelphia 76ers,Atlanta Hawks,,,,,,,
Utah Jazz,Chicago Bulls,,,,,,,
Boston Celtics,Charlotte Hornets,,,,,,,
Dallas Mavericks,Golden State Warriors,,,,,,,
Minnesota Timberwolves,Memphis Grizzlies,,,,,,,
Detroit Pistons,Portland Trail Blazers,,,,,,,
Phoenix Suns,Sacramento Kings,,,,,,,
Miami Heat,Washington Wizards,,,,,,,
San Antonio Spurs,Boston Celtics,,,,,,,
Detroit Pistons,Golden State Warriors,,,,,,,
Denver Nuggets,Indiana Pacers,,,,,,,
Sacramento Kings,Los Angeles Lakers,,,,,,,
Cleveland Cavaliers,Milwaukee Bucks,,,,,,,
Houston Rockets,New Orleans Pelicans,,,,,,,
Los Angeles Clippers,New York Knicks,,,,,,,
Charlotte Hornets,Toronto Raptors,,,,,,,
Oklahoma City Thunder,Memphis Grizzlies,,,,,,,
Philadelphia 76ers,Orlando Magic,,,,,,,
Brooklyn Nets,Portland Trail Blazers,,,,,,,
Phoenix Suns,Utah Jazz,,,,,,,
San Antonio Spurs,Charlotte Hornets,,,,,,,
Boston Celtics,Cleveland Cavaliers,,,,,,,
Sacramento Kings,Dallas Mavericks,,,,,,,
Detroit Pistons,Denver Nuggets,,,,,,,
Washington Wizards,Los Angeles Lakers,,,,,,,
Orlando Magic,Miami Heat,,,,,,,
Houston Rockets,Milwaukee Bucks,,,,,,,
Los Angeles Clippers,Minnesota Timberwolves,,,,,,,
Atlanta Hawks,New Orleans Pelicans,,,,,,,
Chicago Bulls,Toronto Raptors,,,,,,,
Portland Trail Blazers,Chicago Bulls,,,,,,,
Golden State Warriors,Memphis Grizzlies,,,,,,,
Indiana Pacers,Oklahoma City Thunder,,,,,,,
Washington Wizards,Phoenix Suns,,,,,,,
Los Angeles Lakers,Utah Jazz,,,,,,,
Orlando Magic,Detroit Pistons,,,,,,,
Denver Nuggets,Houston Rockets,,,,,,,
Dallas Mavericks,Miami Heat,,,,,,,
Los Angeles Clippers,Milwaukee Bucks,,,,,,,
Sacramento Kings,New Orleans Pelicans,,,,,,,
Toronto Raptors,New York Knicks,,,,,,,
Brooklyn Nets,Philadelphia 76ers,,,,,,,
Cleveland Cavaliers,San Antonio Spurs,,,,,,,
Portland Trail Blazers,Atlanta Hawks,,,,,,,
Indiana Pacers,Boston Celtics,,,,,,,
Charlotte Hornets,Los Angeles Lakers,,,,,,,
Golden State Warriors,Minnesota Timberwolves,,,,,,,
Denver Nuggets,Oklahoma City Thunder,,,,,,,
Washington Wizards,Utah Jazz,,,,,,,
Boston Celtics,Brooklyn Nets,,,,,,,
Toronto Raptors,Chicago Bulls,,,,,,,
Portland Trail Blazers,Detroit Pistons,,,,,,,
Sacramento Kings,Houston Rockets,,,,,,,
Orlando Magic,Indiana Pacers,,,,,,,
Cleveland Cavaliers,Los Angeles Clippers,,,,,,,
Philadelphia 76ers,Minnesota Timberwolves,,,,,,,
Miami Heat,New York Knicks,,,,,,,
Memphis Grizzlies,Phoenix Suns,,,,,,,
Milwaukee Bucks,Atlanta Hawks,,,,,,,
Washington Wizards,Denver Nuggets,,,,,,,
Charlotte Hornets,Golden State Warriors,,,,,,,
Memphis Grizzlies,Los Angeles Clippers,,,,,,,
Los Angeles Lakers,New Orleans Pelicans,,,,,,,
Dallas Mavericks,Oklahoma City Thunder,,,,,,,
Sacramento Kings,San Antonio Spurs,,,,,,,
